{
	"className": "Folder",

	"children": [
		{
			"name": "AIRBORNE_ON_STOMACH",
			"className": "Animation",

			"properties": {
				"AnimationId": ""
			},

			"attributes": {
				"Loop": false,
				"NumFrames": 13,
				"StartAddress": "4F6FDC"
			}
		},

		{
			"name": "AIR_KICK",
			"className": "Animation",

			"properties": {
				"AnimationId": "rbxassetid://11352049498"
			},

			"attributes": {
				"Loop": false,
				"NumFrames": 19,
				"StartAddress": "5290E4"
			}
		},

		{
			"name": "A_POSE",
			"className": "Animation",

			"properties": {
				"AnimationId": "rbxassetid://11352049348"
			},

			"attributes": {
				"Loop": true,
				"NumFrames": 1,
				"StartAddress": "4F4E7C"
			}
		},

		{
			"name": "STAND_AGAINST_WALL",
			"className": "Animation",

			"properties": {
				"AnimationId": "rbxassetid://11352049348"
			},

			"attributes": {
				"Loop": true,
				"NumFrames": 80,
				"StartAddress": "543B40"
			}
		},

		{
			"name": "BACKFLIP",
			"className": "Animation",

			"properties": {
				"AnimationId": "rbxassetid://11352048293"
			},

			"attributes": {
				"Loop": false,
				"NumFrames": 32,
				"StartAddress": "4EFED4"
			}
		},

		{
			"name": "BACKWARDS_WATER_KB",
			"className": "Animation",

			"properties": {
				"AnimationId": ""
			},

			"attributes": {
				"Loop": false,
				"NumFrames": 49,
				"StartAddress": "55C9F0"
			}
		},

		{
			"name": "BACKWARD_AIR_KB",
			"className": "Animation",

			"properties": {
				"AnimationId": "rbxassetid://11352051378"
			},

			"attributes": {
				"Loop": false,
				"NumFrames": 79,
				"StartAddress": "4ED1E8"
			}
		},

		{
			"name": "BACKWARD_KB",
			"className": "Animation",

			"properties": {
				"AnimationId": "rbxassetid://11352050703"
			},

			"attributes": {
				"Loop": false,
				"NumFrames": 29,
				"StartAddress": "546DE8"
			}
		},

		{
			"name": "BACKWARD_SPINNING",
			"className": "Animation",

			"properties": {
				"AnimationId": "rbxassetid://11352048630"
			},

			"attributes": {
				"Loop": true,
				"NumFrames": 9,
				"StartAddress": "53E68C"
			}
		},

		{
			"name": "BEING_GRABBED",
			"className": "Animation",

			"properties": {
				"AnimationId": ""
			},

			"attributes": {
				"Loop": false,
				"NumFrames": 19,
				"StartAddress": "52E7BC"
			}
		},

		{
			"name": "BEND_KNESS_RIDING_SHELL",
			"className": "Animation",

			"properties": {
				"AnimationId": ""
			},

			"attributes": {
				"Loop": false,
				"NumFrames": 29,
				"StartAddress": "52AD28"
			}
		},

		{
			"name": "BOTTOM_STUCK_IN_GROUND",
			"className": "Animation",

			"properties": {
				"AnimationId": ""
			},

			"attributes": {
				"Loop": false,
				"NumFrames": 153,
				"StartAddress": "520594"
			}
		},

		{
			"name": "BREAKDANCE",
			"className": "Animation",

			"properties": {
				"AnimationId": "rbxassetid://11352051730"
			},

			"attributes": {
				"Loop": false,
				"NumFrames": 22,
				"StartAddress": "53E804"
			}
		},

		{
			"name": "CLIMB_DOWN_LEDGE",
			"className": "Animation",

			"properties": {
				"AnimationId": "rbxassetid://11352051211"
			},

			"attributes": {
				"Loop": false,
				"NumFrames": 9,
				"StartAddress": "4FCDE8"
			}
		},

		{
			"name": "CLIMB_UP_POLE",
			"className": "Animation",

			"properties": {
				"AnimationId": ""
			},

			"attributes": {
				"Loop": false,
				"NumFrames": 88,
				"StartAddress": "4F08C0"
			}
		},

		{
			"name": "COUGHING",
			"className": "Animation",

			"properties": {
				"AnimationId": ""
			},

			"attributes": {
				"Loop": false,
				"NumFrames": 88,
				"StartAddress": "511504"
			}
		},

		{
			"name": "CRAWLING",
			"className": "Animation",

			"properties": {
				"AnimationId": "rbxassetid://11352052115"
			},

			"attributes": {
				"Loop": true,
				"NumFrames": 91,
				"StartAddress": "55897C"
			}
		},

		{
			"name": "CREDITS_LOOK_BACK_THEN_RUN",
			"className": "Animation",

			"properties": {
				"AnimationId": ""
			},

			"attributes": {
				"Loop": false,
				"NumFrames": 119,
				"StartAddress": "50353C"
			}
		},

		{
			"name": "CREDITS_LOOK_UP",
			"className": "Animation",

			"properties": {
				"AnimationId": ""
			},

			"attributes": {
				"Loop": false,
				"NumFrames": 29,
				"StartAddress": "4FD880"
			}
		},

		{
			"name": "CREDITS_LOWER_HAND",
			"className": "Animation",

			"properties": {
				"AnimationId": ""
			},

			"attributes": {
				"Loop": false,
				"NumFrames": 33,
				"StartAddress": "5000DC"
			}
		},

		{
			"name": "CREDITS_PEACE_SIGN",
			"className": "Animation",

			"properties": {
				"AnimationId": ""
			},

			"attributes": {
				"Loop": false,
				"NumFrames": 111,
				"StartAddress": "509924"
			}
		},

		{
			"name": "CREDITS_RAISE_HAND",
			"className": "Animation",

			"properties": {
				"AnimationId": ""
			},

			"attributes": {
				"Loop": false,
				"NumFrames": 94,
				"StartAddress": "4FE3F4"
			}
		},

		{
			"name": "CREDITS_RETURN_FROM_LOOK_UP",
			"className": "Animation",

			"properties": {
				"AnimationId": ""
			},

			"attributes": {
				"Loop": false,
				"NumFrames": 19,
				"StartAddress": "4FDF90"
			}
		},

		{
			"name": "CREDITS_START_WALK_LOOK_UP",
			"className": "Animation",

			"properties": {
				"AnimationId": ""
			},

			"attributes": {
				"Loop": false,
				"NumFrames": 99,
				"StartAddress": "501410"
			}
		},

		{
			"name": "CREDITS_TAKE_OFF_CAP",
			"className": "Animation",

			"properties": {
				"AnimationId": ""
			},

			"attributes": {
				"Loop": false,
				"NumFrames": 26,
				"StartAddress": "500C24"
			}
		},

		{
			"name": "CREDITS_WAVING",
			"className": "Animation",

			"properties": {
				"AnimationId": ""
			},

			"attributes": {
				"Loop": false,
				"NumFrames": 33,
				"StartAddress": "4FD208"
			}
		},

		{
			"name": "CROUCHING",
			"className": "Animation",

			"properties": {
				"AnimationId": "rbxassetid://11352047610"
			},

			"attributes": {
				"Loop": false,
				"NumFrames": 88,
				"StartAddress": "557DA0"
			}
		},

		{
			"name": "CROUCH_FROM_FAST_LONGJUMP",
			"className": "Animation",

			"properties": {
				"AnimationId": "rbxassetid://11352050905"
			},

			"attributes": {
				"Loop": false,
				"NumFrames": 15,
				"StartAddress": "4F56EC"
			}
		},

		{
			"name": "CROUCH_FROM_SLIDE_KICK",
			"className": "Animation",

			"properties": {
				"AnimationId": "rbxassetid://11352051333"
			},

			"attributes": {
				"Loop": false,
				"NumFrames": 13,
				"StartAddress": "554540"
			}
		},

		{
			"name": "CROUCH_FROM_SLOW_LONGJUMP",
			"className": "Animation",

			"properties": {
				"AnimationId": "rbxassetid://11352051177"
			},

			"attributes": {
				"Loop": false,
				"NumFrames": 16,
				"StartAddress": "4F5C98"
			}
		},

		{
			"name": "DIVE",
			"className": "Animation",

			"properties": {
				"AnimationId": "rbxassetid://11352047742"
			},

			"attributes": {
				"Loop": false,
				"NumFrames": 19,
				"StartAddress": "552224"
			}
		},

		{
			"name": "DOUBLE_JUMP_FALL",
			"className": "Animation",

			"properties": {
				"AnimationId": "rbxassetid://11352051260"
			},

			"attributes": {
				"Loop": false,
				"NumFrames": 8,
				"StartAddress": "52826C"
			}
		},

		{
			"name": "DOUBLE_JUMP_RISE",
			"className": "Animation",

			"properties": {
				"AnimationId": "rbxassetid://11352051650"
			},

			"attributes": {
				"Loop": false,
				"NumFrames": 4,
				"StartAddress": "529824"
			}
		},

		{
			"name": "DROWNING_PART1",
			"className": "Animation",

			"properties": {
				"AnimationId": ""
			},

			"attributes": {
				"Loop": false,
				"NumFrames": 79,
				"StartAddress": "55FF88"
			}
		},

		{
			"name": "DROWNING_PART2",
			"className": "Animation",

			"properties": {
				"AnimationId": ""
			},

			"attributes": {
				"Loop": false,
				"NumFrames": 69,
				"StartAddress": "5614B8"
			}
		},

		{
			"name": "DYING_FALL_OVER",
			"className": "Animation",

			"properties": {
				"AnimationId": ""
			},

			"attributes": {
				"Loop": false,
				"NumFrames": 94,
				"StartAddress": "515604"
			}
		},

		{
			"name": "DYING_IN_QUICKSAND",
			"className": "Animation",

			"properties": {
				"AnimationId": ""
			},

			"attributes": {
				"Loop": false,
				"NumFrames": 99,
				"StartAddress": "54141C"
			}
		},

		{
			"name": "DYING_ON_BACK",
			"className": "Animation",

			"properties": {
				"AnimationId": ""
			},

			"attributes": {
				"Loop": false,
				"NumFrames": 63,
				"StartAddress": "4EECAC"
			}
		},

		{
			"name": "DYING_ON_STOMACH",
			"className": "Animation",

			"properties": {
				"AnimationId": ""
			},

			"attributes": {
				"Loop": false,
				"NumFrames": 45,
				"StartAddress": "50EA0C"
			}
		},

		{
			"name": "ELECTROCUTION",
			"className": "Animation",

			"properties": {
				"AnimationId": ""
			},

			"attributes": {
				"Loop": false,
				"NumFrames": 52,
				"StartAddress": "545BF8"
			}
		},

		{
			"name": "FALL_FROM_SLIDE",
			"className": "Animation",

			"properties": {
				"AnimationId": "rbxassetid://11352047641"
			},

			"attributes": {
				"Loop": false,
				"NumFrames": 13,
				"StartAddress": "555214"
			}
		},

		{
			"name": "FALL_FROM_SLIDE_KICK",
			"className": "Animation",

			"properties": {
				"AnimationId": "rbxassetid://11352051585"
			},

			"attributes": {
				"Loop": false,
				"NumFrames": 24,
				"StartAddress": "52A460"
			}
		},

		{
			"name": "FALL_FROM_SLIDING_WITH_LIGHT_OBJ",
			"className": "Animation",

			"properties": {
				"AnimationId": ""
			},

			"attributes": {
				"Loop": false,
				"NumFrames": 13,
				"StartAddress": "524F78"
			}
		},

		{
			"name": "FALL_FROM_WATER",
			"className": "Animation",

			"properties": {
				"AnimationId": "rbxassetid://14101766690"
			},

			"attributes": {
				"Loop": false,
				"NumFrames": 19,
				"StartAddress": "564558"
			}
		},

		{
			"name": "FALL_LAND_WITH_LIGHT_OBJ",
			"className": "Animation",

			"properties": {
				"AnimationId": ""
			},

			"attributes": {
				"Loop": false,
				"NumFrames": 15,
				"StartAddress": "524940"
			}
		},

		{
			"name": "FALL_OVER_BACKWARDS",
			"className": "Animation",

			"properties": {
				"AnimationId": "rbxassetid://11352051687"
			},

			"attributes": {
				"Loop": false,
				"NumFrames": 79,
				"StartAddress": "4ED1D0"
			}
		},

		{
			"name": "FALL_WITH_LIGHT_OBJ",
			"className": "Animation",

			"properties": {
				"AnimationId": ""
			},

			"attributes": {
				"Loop": false,
				"NumFrames": 1,
				"StartAddress": "524E10"
			}
		},

		{
			"name": "FAST_LEDGE_GRAB",
			"className": "Animation",

			"properties": {
				"AnimationId": "rbxassetid://11352047471"
			},

			"attributes": {
				"Loop": false,
				"NumFrames": 15,
				"StartAddress": "518218"
			}
		},

		{
			"name": "FAST_LONGJUMP",
			"className": "Animation",

			"properties": {
				"AnimationId": "rbxassetid://11352047402"
			},

			"attributes": {
				"Loop": false,
				"NumFrames": 22,
				"StartAddress": "4F62D4"
			}
		},

		{
			"name": "FIRE_LAVA_BURN",
			"className": "Animation",

			"properties": {
				"AnimationId": "rbxassetid://11352052065"
			},

			"attributes": {
				"Loop": true,
				"NumFrames": 9,
				"StartAddress": "50C254"
			}
		},

		{
			"name": "FIRST_PERSON",
			"className": "Animation",

			"properties": {
				"AnimationId": ""
			},

			"attributes": {
				"Loop": false,
				"NumFrames": 88,
				"StartAddress": "570CB0"
			}
		},

		{
			"name": "FIRST_PUNCH",
			"className": "Animation",

			"properties": {
				"AnimationId": "rbxassetid://11352049234"
			},

			"attributes": {
				"Loop": false,
				"NumFrames": 4,
				"StartAddress": "53C1B4"
			}
		},

		{
			"name": "FIRST_PUNCH_FAST",
			"className": "Animation",

			"properties": {
				"AnimationId": "rbxassetid://11352050809"
			},

			"attributes": {
				"Loop": false,
				"NumFrames": 9,
				"StartAddress": "53C6B4"
			}
		},

		{
			"name": "FLUTTERKICK",
			"className": "Animation",

			"properties": {
				"AnimationId": "rbxassetid://14101764246"
			},

			"attributes": {
				"Loop": true,
				"NumFrames": 22,
				"StartAddress": "565610"
			}
		},

		{
			"name": "FLUTTERKICK_WITH_OBJ",
			"className": "Animation",

			"properties": {
				"AnimationId": ""
			},

			"attributes": {
				"Loop": false,
				"NumFrames": 22,
				"StartAddress": "55E164"
			}
		},

		{
			"name": "FLY_FROM_CANNON",
			"className": "Animation",

			"properties": {
				"AnimationId": "rbxassetid://11352049444"
			},

			"attributes": {
				"Loop": false,
				"NumFrames": 9,
				"StartAddress": "5307F0"
			}
		},

		{
			"name": "FORWARD_AIR_KB",
			"className": "Animation",

			"properties": {
				"AnimationId": "rbxassetid://11352049706"
			},

			"attributes": {
				"Loop": false,
				"NumFrames": 79,
				"StartAddress": "50D304"
			}
		},

		{
			"name": "FORWARD_FLIP",
			"className": "Animation",

			"properties": {
				"AnimationId": ""
			},

			"attributes": {
				"Loop": false,
				"NumFrames": 15,
				"StartAddress": "527248"
			}
		},

		{
			"name": "FORWARD_KB",
			"className": "Animation",

			"properties": {
				"AnimationId": "rbxassetid://11352048586"
			},

			"attributes": {
				"Loop": false,
				"NumFrames": 29,
				"StartAddress": "547834"
			}
		},

		{
			"name": "FORWARD_SPINNING",
			"className": "Animation",

			"properties": {
				"AnimationId": "rbxassetid://11352051497"
			},

			"attributes": {
				"Loop": true,
				"NumFrames": 9,
				"StartAddress": "53E674"
			}
		},

		{
			"name": "FORWARD_SPINNING_FLIP",
			"className": "Animation",

			"properties": {
				"AnimationId": "rbxassetid://11352052012"
			},

			"attributes": {
				"Loop": false,
				"NumFrames": 41,
				"StartAddress": "578C80"
			}
		},

		{
			"name": "GENERAL_FALL",
			"className": "Animation",

			"properties": {
				"AnimationId": "rbxassetid://11352049372"
			},

			"attributes": {
				"Loop": true,
				"NumFrames": 22,
				"StartAddress": "52E078"
			}
		},

		{
			"name": "GENERAL_LAND",
			"className": "Animation",

			"properties": {
				"AnimationId": "rbxassetid://11352047093"
			},

			"attributes": {
				"Loop": false,
				"NumFrames": 22,
				"StartAddress": "52E090"
			}
		},

		{
			"name": "GRAB_HEAVY_OBJECT",
			"className": "Animation",

			"properties": {
				"AnimationId": ""
			},

			"attributes": {
				"Loop": false,
				"NumFrames": 36,
				"StartAddress": "52ED0C"
			}
		},

		{
			"name": "GRAB_POLE_SHORT",
			"className": "Animation",

			"properties": {
				"AnimationId": ""
			},

			"attributes": {
				"Loop": false,
				"NumFrames": 11,
				"StartAddress": "4F2078"
			}
		},

		{
			"name": "GRAB_POLE_SWING_PART1",
			"className": "Animation",

			"properties": {
				"AnimationId": ""
			},

			"attributes": {
				"Loop": false,
				"NumFrames": 19,
				"StartAddress": "4F2508"
			}
		},

		{
			"name": "GRAB_POLE_SWING_PART2",
			"className": "Animation",

			"properties": {
				"AnimationId": ""
			},

			"attributes": {
				"Loop": false,
				"NumFrames": 19,
				"StartAddress": "4F2520"
			}
		},

		{
			"name": "GROUND_BONK",
			"className": "Animation",

			"properties": {
				"AnimationId": "rbxassetid://11352051423"
			},

			"attributes": {
				"Loop": false,
				"NumFrames": 39,
				"StartAddress": "55283C"
			}
		},

		{
			"name": "GROUND_KICK",
			"className": "Animation",

			"properties": {
				"AnimationId": "rbxassetid://11352049273"
			},

			"attributes": {
				"Loop": false,
				"NumFrames": 24,
				"StartAddress": "53B904"
			}
		},

		{
			"name": "GROUND_POUND",
			"className": "Animation",

			"properties": {
				"AnimationId": "rbxassetid://11352047298"
			},

			"attributes": {
				"StartFrame": 9,
				"NumFrames": 9,
				"Loop": false,
				"StartAddress": "520178"
			}
		},

		{
			"name": "GROUND_POUND_LANDING",
			"className": "Animation",

			"properties": {
				"AnimationId": "rbxassetid://11352047167"
			},

			"attributes": {
				"Loop": false,
				"NumFrames": 4,
				"StartAddress": "51F90C"
			}
		},

		{
			"name": "GROUND_THROW",
			"className": "Animation",

			"properties": {
				"AnimationId": ""
			},

			"attributes": {
				"Loop": false,
				"NumFrames": 19,
				"StartAddress": "53B14C"
			}
		},

		{
			"name": "HANDSTAND_IDLE",
			"className": "Animation",

			"properties": {
				"AnimationId": ""
			},

			"attributes": {
				"Loop": true,
				"NumFrames": 35,
				"StartAddress": "4F38F0"
			}
		},

		{
			"name": "HANDSTAND_JUMP",
			"className": "Animation",

			"properties": {
				"AnimationId": ""
			},

			"attributes": {
				"Loop": false,
				"NumFrames": 16,
				"StartAddress": "4F43F4"
			}
		},

		{
			"name": "HANDSTAND_LEFT",
			"className": "Animation",

			"properties": {
				"AnimationId": ""
			},

			"attributes": {
				"Loop": false,
				"NumFrames": 49,
				"StartAddress": "573CF8"
			}
		},

		{
			"name": "HANDSTAND_RIGHT",
			"className": "Animation",

			"properties": {
				"AnimationId": ""
			},

			"attributes": {
				"Loop": false,
				"NumFrames": 49,
				"StartAddress": "574490"
			}
		},

		{
			"name": "HANG_ON_CEILING",
			"className": "Animation",

			"properties": {
				"AnimationId": ""
			},

			"attributes": {
				"Loop": false,
				"NumFrames": 52,
				"StartAddress": "518840"
			}
		},

		{
			"name": "HANG_ON_OWL",
			"className": "Animation",

			"properties": {
				"AnimationId": ""
			},

			"attributes": {
				"Loop": false,
				"NumFrames": 39,
				"StartAddress": "50CBA8"
			}
		},

		{
			"name": "HEAD_STUCK_IN_GROUND",
			"className": "Animation",

			"properties": {
				"AnimationId": ""
			},

			"attributes": {
				"Loop": false,
				"NumFrames": 153,
				"StartAddress": "51C774"
			}
		},

		{
			"name": "HEAVY_THROW",
			"className": "Animation",

			"properties": {
				"AnimationId": ""
			},

			"attributes": {
				"Loop": false,
				"NumFrames": 24,
				"StartAddress": "56C42C"
			}
		},

		{
			"name": "IDLE_HEAD_CENTER",
			"className": "Animation",

			"properties": {
				"AnimationId": "rbxassetid://11352052244"
			},

			"attributes": {
				"Loop": false,
				"NumFrames": 29,
				"StartAddress": "57344C"
			}
		},

		{
			"name": "IDLE_HEAD_LEFT",
			"className": "Animation",

			"properties": {
				"AnimationId": "rbxassetid://11352050647"
			},

			"attributes": {
				"Loop": false,
				"NumFrames": 29,
				"StartAddress": "5722F4"
			}
		},

		{
			"name": "IDLE_HEAD_RIGHT",
			"className": "Animation",

			"properties": {
				"AnimationId": "rbxassetid://11352051871"
			},

			"attributes": {
				"Loop": false,
				"NumFrames": 29,
				"StartAddress": "572BA0"
			}
		},

		{
			"name": "IDLE_HEAVY_OBJ",
			"className": "Animation",

			"properties": {
				"AnimationId": ""
			},

			"attributes": {
				"Loop": false,
				"NumFrames": 39,
				"StartAddress": "548244"
			}
		},

		{
			"name": "IDLE_IN_QUICKSAND",
			"className": "Animation",

			"properties": {
				"AnimationId": ""
			},

			"attributes": {
				"Loop": true,
				"NumFrames": 99,
				"StartAddress": "542758"
			}
		},

		{
			"name": "IDLE_ON_LEDGE",
			"className": "Animation",

			"properties": {
				"AnimationId": "rbxassetid://11352048196"
			},

			"attributes": {
				"Loop": true,
				"NumFrames": 49,
				"StartAddress": "5175EC"
			}
		},

		{
			"name": "IDLE_ON_POLE",
			"className": "Animation",

			"properties": {
				"AnimationId": ""
			},

			"attributes": {
				"Loop": true,
				"NumFrames": 111,
				"StartAddress": "4F4A64"
			}
		},

		{
			"name": "IDLE_WITH_LIGHT_OBJ",
			"className": "Animation",

			"properties": {
				"AnimationId": ""
			},

			"attributes": {
				"Loop": true,
				"NumFrames": 60,
				"StartAddress": "52338C"
			}
		},

		{
			"name": "JUMP_LAND_WITH_LIGHT_OBJ",
			"className": "Animation",

			"properties": {
				"AnimationId": ""
			},

			"attributes": {
				"Loop": false,
				"NumFrames": 18,
				"StartAddress": "5240B8"
			}
		},

		{
			"name": "JUMP_RIDING_SHELL",
			"className": "Animation",

			"properties": {
				"AnimationId": ""
			},

			"attributes": {
				"Loop": false,
				"NumFrames": 6,
				"StartAddress": "527870"
			}
		},

		{
			"name": "JUMP_WITH_LIGHT_OBJ",
			"className": "Animation",

			"properties": {
				"AnimationId": ""
			},

			"attributes": {
				"Loop": false,
				"NumFrames": 9,
				"StartAddress": "524614"
			}
		},

		{
			"name": "LAND_FROM_DOUBLE_JUMP",
			"className": "Animation",

			"properties": {
				"AnimationId": "rbxassetid://11352051292"
			},

			"attributes": {
				"Loop": false,
				"NumFrames": 16,
				"StartAddress": "527BEC"
			}
		},

		{
			"name": "LAND_FROM_SINGLE_JUMP",
			"className": "Animation",

			"properties": {
				"AnimationId": "rbxassetid://11352047870"
			},

			"attributes": {
				"StartFrame": 27,
				"NumFrames": 36,
				"Loop": false,
				"StartAddress": "528638"
			}
		},

		{
			"name": "LAND_ON_STOMACH",
			"className": "Animation",

			"properties": {
				"AnimationId": "rbxassetid://11352049322"
			},

			"attributes": {
				"Loop": false,
				"NumFrames": 79,
				"StartAddress": "50D2EC"
			}
		},

		{
			"name": "LEGS_STUCK_IN_GROUND",
			"className": "Animation",

			"properties": {
				"AnimationId": ""
			},

			"attributes": {
				"Loop": false,
				"NumFrames": 150,
				"StartAddress": "52B360"
			}
		},

		{
			"name": "MISSING_CAP",
			"className": "Animation",

			"properties": {
				"AnimationId": ""
			},

			"attributes": {
				"Loop": false,
				"NumFrames": 153,
				"StartAddress": "531760"
			}
		},

		{
			"name": "MOVE_IN_QUICKSAND",
			"className": "Animation",

			"properties": {
				"AnimationId": ""
			},

			"attributes": {
				"Loop": false,
				"NumFrames": 147,
				"StartAddress": "54320C"
			}
		},

		{
			"name": "MOVE_ON_WIRE_NET_LEFT",
			"className": "Animation",

			"properties": {
				"AnimationId": ""
			},

			"attributes": {
				"Loop": false,
				"NumFrames": 18,
				"StartAddress": "5311D4"
			}
		},

		{
			"name": "MOVE_ON_WIRE_NET_RIGHT",
			"className": "Animation",

			"properties": {
				"AnimationId": ""
			},

			"attributes": {
				"Loop": false,
				"NumFrames": 19,
				"StartAddress": "530BD4"
			}
		},

		{
			"name": "PICK_UP_LIGHT_OBJ",
			"className": "Animation",

			"properties": {
				"AnimationId": ""
			},

			"attributes": {
				"Loop": false,
				"NumFrames": 9,
				"StartAddress": "53CFFC"
			}
		},

		{
			"name": "PLACE_LIGHT_OBJ",
			"className": "Animation",

			"properties": {
				"AnimationId": ""
			},

			"attributes": {
				"Loop": false,
				"NumFrames": 15,
				"StartAddress": "53E0F0"
			}
		},

		{
			"name": "PULL_DOOR_WALK_IN",
			"className": "Animation",

			"properties": {
				"AnimationId": ""
			},

			"attributes": {
				"Loop": false,
				"NumFrames": 58,
				"StartAddress": "5347C4"
			}
		},

		{
			"name": "PUSHING",
			"className": "Animation",

			"properties": {
				"AnimationId": "rbxassetid://11352050923"
			},

			"attributes": {
				"Loop": true,
				"NumFrames": 26,
				"StartAddress": "53D4BC"
			}
		},

		{
			"name": "PUSH_DOOR_WALK_IN",
			"className": "Animation",

			"properties": {
				"AnimationId": ""
			},

			"attributes": {
				"Loop": false,
				"NumFrames": 49,
				"StartAddress": "535C9C"
			}
		},

		{
			"name": "PUT_CAP_ON",
			"className": "Animation",

			"properties": {
				"AnimationId": ""
			},

			"attributes": {
				"Loop": false,
				"NumFrames": 45,
				"StartAddress": "5197CC"
			}
		},

		{
			"name": "QUICKLY_PUT_CAP_ON",
			"className": "Animation",

			"properties": {
				"AnimationId": ""
			},

			"attributes": {
				"Loop": false,
				"NumFrames": 11,
				"StartAddress": "51C314"
			}
		},

		{
			"name": "REACH_POCKET",
			"className": "Animation",

			"properties": {
				"AnimationId": ""
			},

			"attributes": {
				"Loop": false,
				"NumFrames": 32,
				"StartAddress": "53A3E8"
			}
		},

		{
			"name": "RETURN_FROM_HANDSTAND",
			"className": "Animation",

			"properties": {
				"AnimationId": ""
			},

			"attributes": {
				"Loop": false,
				"NumFrames": 51,
				"StartAddress": "4F2BF0"
			}
		},

		{
			"name": "RETURN_FROM_STAR_DANCE",
			"className": "Animation",

			"properties": {
				"AnimationId": ""
			},

			"attributes": {
				"Loop": false,
				"NumFrames": 16,
				"StartAddress": "5785B8"
			}
		},

		{
			"name": "RETURN_FROM_WATER_STAR_DANCE",
			"className": "Animation",

			"properties": {
				"AnimationId": ""
			},

			"attributes": {
				"Loop": false,
				"NumFrames": 22,
				"StartAddress": "56A478"
			}
		},

		{
			"name": "RETURN_STAR_APPROACH_DOOR",
			"className": "Animation",

			"properties": {
				"AnimationId": ""
			},

			"attributes": {
				"Loop": false,
				"NumFrames": 24,
				"StartAddress": "55C144"
			}
		},

		{
			"name": "RIDING_SHELL",
			"className": "Animation",

			"properties": {
				"AnimationId": ""
			},

			"attributes": {
				"Loop": false,
				"NumFrames": 9,
				"StartAddress": "5258EC"
			}
		},

		{
			"name": "RUNNING",
			"className": "Animation",

			"properties": {
				"AnimationId": "rbxassetid://11352052200"
			},

			"attributes": {
				"Loop": true,
				"NumFrames": 70,
				"StartAddress": "53F138"
			}
		},

		{
			"name": "RUNNING_UNUSED",
			"className": "Animation",

			"properties": {
				"AnimationId": ""
			},

			"attributes": {
				"Loop": true,
				"NumFrames": 70,
				"StartAddress": "53F150"
			}
		},

		{
			"name": "RUN_WITH_LIGHT_OBJ",
			"className": "Animation",

			"properties": {
				"AnimationId": ""
			},

			"attributes": {
				"Loop": true,
				"NumFrames": 75,
				"StartAddress": "4F870C"
			}
		},

		{
			"name": "SECOND_PUNCH",
			"className": "Animation",

			"properties": {
				"AnimationId": "rbxassetid://11352049182"
			},

			"attributes": {
				"Loop": false,
				"NumFrames": 3,
				"StartAddress": "53C44C"
			}
		},

		{
			"name": "SECOND_PUNCH_FAST",
			"className": "Animation",

			"properties": {
				"AnimationId": "rbxassetid://11352048802"
			},

			"attributes": {
				"Loop": false,
				"NumFrames": 12,
				"StartAddress": "53CAC4"
			}
		},

		{
			"name": "SHIVERING",
			"className": "Animation",

			"properties": {
				"AnimationId": ""
			},

			"attributes": {
				"Loop": false,
				"NumFrames": 63,
				"StartAddress": "4FC1A8"
			}
		},

		{
			"name": "SHIVERING_RETURN_TO_IDLE",
			"className": "Animation",

			"properties": {
				"AnimationId": ""
			},

			"attributes": {
				"Loop": false,
				"NumFrames": 16,
				"StartAddress": "4FBC18"
			}
		},

		{
			"name": "SHIVERING_WARMING_HAND",
			"className": "Animation",

			"properties": {
				"AnimationId": ""
			},

			"attributes": {
				"Loop": false,
				"NumFrames": 85,
				"StartAddress": "4FA618"
			}
		},

		{
			"name": "SHOCKED",
			"className": "Animation",

			"properties": {
				"AnimationId": ""
			},

			"attributes": {
				"Loop": false,
				"NumFrames": 4,
				"StartAddress": "546B40"
			}
		},

		{
			"name": "SIDESTEP_LEFT",
			"className": "Animation",

			"properties": {
				"AnimationId": "rbxassetid://11352048019"
			},

			"attributes": {
				"Loop": true,
				"NumFrames": 63,
				"StartAddress": "549A84"
			}
		},

		{
			"name": "SIDESTEP_RIGHT",
			"className": "Animation",

			"properties": {
				"AnimationId": "rbxassetid://11352048466"
			},

			"attributes": {
				"Loop": true,
				"NumFrames": 63,
				"StartAddress": "54A9C0"
			}
		},

		{
			"name": "SINGLE_JUMP",
			"className": "Animation",

			"properties": {
				"AnimationId": "rbxassetid://11352047064"
			},

			"attributes": {
				"Loop": false,
				"NumFrames": 36,
				"StartAddress": "528620"
			}
		},

		{
			"name": "SKID_ON_GROUND",
			"className": "Animation",

			"properties": {
				"AnimationId": "rbxassetid://11352047121"
			},

			"attributes": {
				"Loop": false,
				"NumFrames": 18,
				"StartAddress": "4F4FE0"
			}
		},

		{
			"name": "SLEEP_IDLE",
			"className": "Animation",

			"properties": {
				"AnimationId": "rbxassetid://11352049661"
			},

			"attributes": {
				"Loop": true,
				"NumFrames": 39,
				"StartAddress": "550C30"
			}
		},

		{
			"name": "SLEEP_LYING",
			"className": "Animation",

			"properties": {
				"AnimationId": "rbxassetid://11352048132"
			},

			"attributes": {
				"Loop": true,
				"NumFrames": 49,
				"StartAddress": "551AF4"
			}
		},

		{
			"name": "SLEEP_START_LYING",
			"className": "Animation",

			"properties": {
				"AnimationId": "rbxassetid://11352048165"
			},

			"attributes": {
				"Loop": false,
				"NumFrames": 39,
				"StartAddress": "550E88"
			}
		},

		{
			"name": "SLIDE",
			"className": "Animation",

			"properties": {
				"AnimationId": "rbxassetid://11352047259"
			},

			"attributes": {
				"Loop": false,
				"NumFrames": 6,
				"StartAddress": "55571C"
			}
		},

		{
			"name": "SLIDEFLIP",
			"className": "Animation",

			"properties": {
				"AnimationId": "rbxassetid://11352047005"
			},

			"attributes": {
				"NumFrames": 22,
				"Flip": true,
				"Loop": false,
				"StartAddress": "56EEAC"
			}
		},

		{
			"name": "SLIDEFLIP_LAND",
			"className": "Animation",

			"properties": {
				"AnimationId": "rbxassetid://11352047032"
			},

			"attributes": {
				"NumFrames": 9,
				"Flip": true,
				"Loop": false,
				"StartAddress": "56EAA0"
			}
		},

		{
			"name": "SLIDEJUMP",
			"className": "Animation",

			"properties": {
				"AnimationId": "rbxassetid://11352052142"
			},

			"attributes": {
				"Loop": false,
				"NumFrames": 16,
				"StartAddress": "5769D0"
			}
		},

		{
			"name": "SLIDE_DIVE",
			"className": "Animation",

			"properties": {
				"AnimationId": "rbxassetid://11352048497"
			},

			"attributes": {
				"Loop": false,
				"NumFrames": 19,
				"StartAddress": "55223C"
			}
		},

		{
			"name": "SLIDE_KICK",
			"className": "Animation",

			"properties": {
				"AnimationId": "rbxassetid://11352047204"
			},

			"attributes": {
				"Loop": false,
				"NumFrames": 6,
				"StartAddress": "5541A4"
			}
		},

		{
			"name": "SLIDE_MOTIONLESS",
			"className": "Animation",

			"properties": {
				"AnimationId": ""
			},

			"attributes": {
				"Loop": false,
				"NumFrames": 19,
				"StartAddress": "554A94"
			}
		},

		{
			"name": "SLIDING_ON_BOTTOM_WITH_LIGHT_OBJ",
			"className": "Animation",

			"properties": {
				"AnimationId": ""
			},

			"attributes": {
				"Loop": false,
				"NumFrames": 13,
				"StartAddress": "525318"
			}
		},

		{
			"name": "SLOW_LAND_FROM_DIVE",
			"className": "Animation",

			"properties": {
				"AnimationId": "rbxassetid://11352051792"
			},

			"attributes": {
				"Loop": false,
				"NumFrames": 36,
				"StartAddress": "52FA0C"
			}
		},

		{
			"name": "SLOW_LEDGE_GRAB",
			"className": "Animation",

			"properties": {
				"AnimationId": "rbxassetid://11352050847"
			},

			"attributes": {
				"Loop": false,
				"NumFrames": 33,
				"StartAddress": "4EC690"
			}
		},

		{
			"name": "SLOW_LONGJUMP",
			"className": "Animation",

			"properties": {
				"AnimationId": "rbxassetid://11352050966"
			},

			"attributes": {
				"Loop": false,
				"NumFrames": 13,
				"StartAddress": "4F6A78"
			}
		},

		{
			"name": "SLOW_WALK_WITH_LIGHT_OBJ",
			"className": "Animation",

			"properties": {
				"AnimationId": ""
			},

			"attributes": {
				"Loop": false,
				"NumFrames": 99,
				"StartAddress": "4F93A0"
			}
		},

		{
			"name": "SOFT_BACK_KB",
			"className": "Animation",

			"properties": {
				"AnimationId": "rbxassetid://11352051970"
			},

			"attributes": {
				"Loop": false,
				"NumFrames": 22,
				"StartAddress": "54035C"
			}
		},

		{
			"name": "SOFT_FRONT_KB",
			"className": "Animation",

			"properties": {
				"AnimationId": "rbxassetid://11352052043"
			},

			"attributes": {
				"Loop": false,
				"NumFrames": 22,
				"StartAddress": "540BA4"
			}
		},

		{
			"name": "STAND_UP_FROM_LAVA_BOOST",
			"className": "Animation",

			"properties": {
				"AnimationId": "rbxassetid://11352051900"
			},

			"attributes": {
				"Loop": false,
				"NumFrames": 13,
				"StartAddress": "50BD4C"
			}
		},

		{
			"name": "STAND_UP_FROM_SLIDING_WITH_LIGHT_OBJ",
			"className": "Animation",

			"properties": {
				"AnimationId": ""
			},

			"attributes": {
				"Loop": false,
				"NumFrames": 13,
				"StartAddress": "525330"
			}
		},

		{
			"name": "START_CRAWLING",
			"className": "Animation",

			"properties": {
				"AnimationId": "rbxassetid://11352047517"
			},

			"attributes": {
				"Loop": false,
				"NumFrames": 6,
				"StartAddress": "55A990"
			}
		},

		{
			"name": "START_CROUCHING",
			"className": "Animation",

			"properties": {
				"AnimationId": "rbxassetid://11352050939"
			},

			"attributes": {
				"Loop": false,
				"NumFrames": 4,
				"StartAddress": "557AEC"
			}
		},

		{
			"name": "START_FORWARD_SPINNING",
			"className": "Animation",

			"properties": {
				"AnimationId": ""
			},

			"attributes": {
				"Loop": false,
				"NumFrames": 13,
				"StartAddress": "529ADC"
			}
		},

		{
			"name": "START_GROUND_POUND",
			"className": "Animation",

			"properties": {
				"AnimationId": "rbxassetid://11352049543"
			},

			"attributes": {
				"Loop": false,
				"NumFrames": 9,
				"StartAddress": "520160"
			}
		},

		{
			"name": "START_HANDSTAND",
			"className": "Animation",

			"properties": {
				"AnimationId": ""
			},

			"attributes": {
				"Loop": false,
				"NumFrames": 16,
				"StartAddress": "4F440C"
			}
		},

		{
			"name": "START_REACH_POCKET",
			"className": "Animation",

			"properties": {
				"AnimationId": ""
			},

			"attributes": {
				"Loop": false,
				"NumFrames": 9,
				"StartAddress": "539FEC"
			}
		},

		{
			"name": "START_RIDING_SHELL",
			"className": "Animation",

			"properties": {
				"AnimationId": ""
			},

			"attributes": {
				"Loop": false,
				"NumFrames": 16,
				"StartAddress": "53DAD4"
			}
		},

		{
			"name": "START_SLEEP_IDLE",
			"className": "Animation",

			"properties": {
				"AnimationId": "rbxassetid://11352047689"
			},

			"attributes": {
				"Loop": false,
				"NumFrames": 49,
				"StartAddress": "54BB6C"
			}
		},

		{
			"name": "START_SLEEP_SCRATCH",
			"className": "Animation",

			"properties": {
				"AnimationId": "rbxassetid://11352048360"
			},

			"attributes": {
				"Loop": false,
				"NumFrames": 66,
				"StartAddress": "54CD54"
			}
		},

		{
			"name": "START_SLEEP_SITTING",
			"className": "Animation",

			"properties": {
				"AnimationId": "rbxassetid://11352048251"
			},

			"attributes": {
				"Loop": false,
				"NumFrames": 63,
				"StartAddress": "54F888"
			}
		},

		{
			"name": "START_SLEEP_YAWN",
			"className": "Animation",

			"properties": {
				"AnimationId": "rbxassetid://11352051942"
			},

			"attributes": {
				"Loop": false,
				"NumFrames": 58,
				"StartAddress": "54E4F4"
			}
		},

		{
			"name": "START_TIPTOE",
			"className": "Animation",

			"properties": {
				"AnimationId": "rbxassetid://11352051161"
			},

			"attributes": {
				"Loop": false,
				"NumFrames": 29,
				"StartAddress": "5760EC"
			}
		},

		{
			"name": "START_TWIRL",
			"className": "Animation",

			"properties": {
				"AnimationId": "rbxassetid://11352048529"
			},

			"attributes": {
				"Loop": false,
				"NumFrames": 4,
				"StartAddress": "557504"
			}
		},

		{
			"name": "START_WALLKICK",
			"className": "Animation",

			"properties": {
				"AnimationId": "rbxassetid://11352049598"
			},

			"attributes": {
				"Loop": false,
				"NumFrames": 16,
				"StartAddress": "5769E8"
			}
		},

		{
			"name": "STAR_DANCE",
			"className": "Animation",

			"properties": {
				"AnimationId": ""
			},

			"attributes": {
				"Loop": false,
				"NumFrames": 61,
				"StartAddress": "577064"
			}
		},

		{
			"name": "STOP_CRAWLING",
			"className": "Animation",

			"properties": {
				"AnimationId": "rbxassetid://11352051464"
			},

			"attributes": {
				"Loop": false,
				"NumFrames": 6,
				"StartAddress": "55A5F8"
			}
		},

		{
			"name": "STOP_CROUCHING",
			"className": "Animation",

			"properties": {
				"AnimationId": ""
			},

			"attributes": {
				"Loop": false,
				"NumFrames": 9,
				"StartAddress": "557730"
			}
		},

		{
			"name": "STOP_GRAB_OBJ_WATER",
			"className": "Animation",

			"properties": {
				"AnimationId": ""
			},

			"attributes": {
				"Loop": false,
				"NumFrames": 29,
				"StartAddress": "55ECCC"
			}
		},

		{
			"name": "STOP_REACH_POCKET",
			"className": "Animation",

			"properties": {
				"AnimationId": ""
			},

			"attributes": {
				"Loop": false,
				"NumFrames": 16,
				"StartAddress": "53AB58"
			}
		},

		{
			"name": "STOP_SKID",
			"className": "Animation",

			"properties": {
				"AnimationId": "rbxassetid://11352048056"
			},

			"attributes": {
				"StartFrame": 6,
				"NumFrames": 18,
				"Loop": false,
				"StartAddress": "4F4FF8"
			}
		},

		{
			"name": "STOP_SLIDE",
			"className": "Animation",

			"properties": {
				"AnimationId": "rbxassetid://11352047796"
			},

			"attributes": {
				"Loop": false,
				"NumFrames": 19,
				"StartAddress": "554AAC"
			}
		},

		{
			"name": "STOP_SLIDE_LIGHT_OBJ",
			"className": "Animation",

			"properties": {
				"AnimationId": ""
			},

			"attributes": {
				"Loop": false,
				"NumFrames": 36,
				"StartAddress": "5534F4"
			}
		},

		{
			"name": "SUFFOCATING",
			"className": "Animation",

			"properties": {
				"AnimationId": ""
			},

			"attributes": {
				"Loop": false,
				"NumFrames": 99,
				"StartAddress": "50F6F4"
			}
		},

		{
			"name": "SUMMON_STAR",
			"className": "Animation",

			"properties": {
				"AnimationId": ""
			},

			"attributes": {
				"Loop": false,
				"NumFrames": 63,
				"StartAddress": "55AD1C"
			}
		},

		{
			"name": "SWIM_PART1",
			"className": "Animation",

			"properties": {
				"AnimationId": "rbxassetid://14101761759"
			},

			"attributes": {
				"Loop": false,
				"NumFrames": 16,
				"StartAddress": "564D2C"
			}
		},

		{
			"name": "SWIM_PART2",
			"className": "Animation",

			"properties": {
				"AnimationId": "rbxassetid://14101760003"
			},

			"attributes": {
				"Loop": false,
				"NumFrames": 9,
				"StartAddress": "56520C"
			}
		},

		{
			"name": "SWIM_WITH_OBJ_PART1",
			"className": "Animation",

			"properties": {
				"AnimationId": ""
			},

			"attributes": {
				"Loop": false,
				"NumFrames": 15,
				"StartAddress": "55DAAC"
			}
		},

		{
			"name": "SWIM_WITH_OBJ_PART2",
			"className": "Animation",

			"properties": {
				"AnimationId": ""
			},

			"attributes": {
				"Loop": false,
				"NumFrames": 9,
				"StartAddress": "55DEC8"
			}
		},

		{
			"name": "TAKE_CAP_OFF_THEN_ON",
			"className": "Animation",

			"properties": {
				"AnimationId": ""
			},

			"attributes": {
				"Loop": false,
				"NumFrames": 99,
				"StartAddress": "51A754"
			}
		},

		{
			"name": "THROW_CATCH_KEY",
			"className": "Animation",

			"properties": {
				"AnimationId": ""
			},

			"attributes": {
				"Loop": false,
				"NumFrames": 138,
				"StartAddress": "512B4C"
			}
		},

		{
			"name": "THROW_LIGHT_OBJECT",
			"className": "Animation",

			"properties": {
				"AnimationId": ""
			},

			"attributes": {
				"Loop": false,
				"NumFrames": 9,
				"StartAddress": "529FDC"
			}
		},

		{
			"name": "TIPTOE",
			"className": "Animation",

			"properties": {
				"AnimationId": "rbxassetid://11352051080"
			},

			"attributes": {
				"Loop": true,
				"NumFrames": 114,
				"StartAddress": "55593C"
			}
		},

		{
			"name": "TRIPLE_JUMP",
			"className": "Animation",

			"properties": {
				"AnimationId": "rbxassetid://11352052291"
			},

			"attributes": {
				"Loop": false,
				"NumFrames": 35,
				"StartAddress": "5701F8"
			}
		},

		{
			"name": "TRIPLE_JUMP_FLY",
			"className": "Animation",

			"properties": {
				"AnimationId": "rbxassetid://11352049410"
			},

			"attributes": {
				"Loop": false,
				"NumFrames": 13,
				"StartAddress": "579828"
			}
		},

		{
			"name": "TRIPLE_JUMP_GROUND_POUND",
			"className": "Animation",

			"properties": {
				"AnimationId": "rbxassetid://11352050763"
			},

			"attributes": {
				"Loop": false,
				"NumFrames": 15,
				"StartAddress": "51FB98"
			}
		},

		{
			"name": "TRIPLE_JUMP_LAND",
			"className": "Animation",

			"properties": {
				"AnimationId": "rbxassetid://11352052333"
			},

			"attributes": {
				"Loop": false,
				"NumFrames": 30,
				"StartAddress": "56F750"
			}
		},

		{
			"name": "TURNING_PART1",
			"className": "Animation",

			"properties": {
				"AnimationId": "rbxassetid://11352047143"
			},

			"attributes": {
				"Loop": false,
				"NumFrames": 16,
				"StartAddress": "56E37C"
			}
		},

		{
			"name": "TURNING_PART2",
			"className": "Animation",

			"properties": {
				"AnimationId": "rbxassetid://11352048732"
			},

			"attributes": {
				"Loop": false,
				"NumFrames": 16,
				"StartAddress": "56E394"
			}
		},

		{
			"name": "TWIRL",
			"className": "Animation",

			"properties": {
				"AnimationId": "rbxassetid://11352047341"
			},

			"attributes": {
				"Loop": false,
				"NumFrames": 1,
				"StartAddress": "5573A0"
			}
		},

		{
			"name": "TWIRL_LAND",
			"className": "Animation",

			"properties": {
				"AnimationId": "rbxassetid://11352048089"
			},

			"attributes": {
				"Loop": false,
				"NumFrames": 9,
				"StartAddress": "557030"
			}
		},

		{
			"name": "UNLOCK_DOOR",
			"className": "Animation",

			"properties": {
				"AnimationId": ""
			},

			"attributes": {
				"Loop": false,
				"NumFrames": 146,
				"StartAddress": "536D64"
			}
		},

		{
			"name": "WAKE_FROM_LYING",
			"className": "Animation",

			"properties": {
				"AnimationId": "rbxassetid://11352050992"
			},

			"attributes": {
				"Loop": false,
				"NumFrames": 19,
				"StartAddress": "575844"
			}
		},

		{
			"name": "WAKE_FROM_SLEEP",
			"className": "Animation",

			"properties": {
				"AnimationId": "rbxassetid://11352047932"
			},

			"attributes": {
				"Loop": false,
				"NumFrames": 19,
				"StartAddress": "5750C0"
			}
		},

		{
			"name": "WALKING",
			"className": "Animation",

			"properties": {
				"AnimationId": "rbxassetid://11352051130"
			},

			"attributes": {
				"Loop": true,
				"NumFrames": 76,
				"StartAddress": "525D48"
			}
		},

		{
			"name": "WALK_PANTING",
			"className": "Animation",

			"properties": {
				"AnimationId": ""
			},

			"attributes": {
				"Loop": false,
				"NumFrames": 19,
				"StartAddress": "56CD54"
			}
		},

		{
			"name": "WALK_WITH_HEAVY_OBJ",
			"className": "Animation",

			"properties": {
				"AnimationId": ""
			},

			"attributes": {
				"Loop": false,
				"NumFrames": 96,
				"StartAddress": "56D244"
			}
		},

		{
			"name": "WALK_WITH_LIGHT_OBJ",
			"className": "Animation",

			"properties": {
				"AnimationId": ""
			},

			"attributes": {
				"Loop": false,
				"NumFrames": 99,
				"StartAddress": "4F7494"
			}
		},

		{
			"name": "WATER_ACTION_END",
			"className": "Animation",

			"properties": {
				"AnimationId": "rbxassetid://14101757679"
			},

			"attributes": {
				"Loop": false,
				"NumFrames": 24,
				"StartAddress": "565DD0"
			}
		},

		{
			"name": "WATER_ACTION_END_WITH_OBJ",
			"className": "Animation",

			"properties": {
				"AnimationId": ""
			},

			"attributes": {
				"Loop": false,
				"NumFrames": 22,
				"StartAddress": "55E610"
			}
		},

		{
			"name": "WATER_DYING",
			"className": "Animation",

			"properties": {
				"AnimationId": ""
			},

			"attributes": {
				"Loop": false,
				"NumFrames": 39,
				"StartAddress": "5627F4"
			}
		},

		{
			"name": "WATER_FORWARD_KB",
			"className": "Animation",

			"properties": {
				"AnimationId": ""
			},

			"attributes": {
				"Loop": false,
				"NumFrames": 49,
				"StartAddress": "5634FC"
			}
		},

		{
			"name": "WATER_GRAB_OBJ_PART1",
			"className": "Animation",

			"properties": {
				"AnimationId": "rbxassetid://14101753873"
			},

			"attributes": {
				"Loop": false,
				"NumFrames": 4,
				"StartAddress": "56747C"
			}
		},

		{
			"name": "WATER_GRAB_OBJ_PART2",
			"className": "Animation",

			"properties": {
				"AnimationId": "rbxassetid://14101755961"
			},

			"attributes": {
				"Loop": false,
				"NumFrames": 24,
				"StartAddress": "566AF8"
			}
		},

		{
			"name": "WATER_IDLE",
			"className": "Animation",

			"properties": {
				"AnimationId": "rbxassetid://14101750346"
			},

			"attributes": {
				"Loop": false,
				"NumFrames": 29,
				"StartAddress": "5681D0"
			}
		},

		{
			"name": "WATER_IDLE_WITH_OBJ",
			"className": "Animation",

			"properties": {
				"AnimationId": ""
			},

			"attributes": {
				"Loop": false,
				"NumFrames": 29,
				"StartAddress": "55F800"
			}
		},

		{
			"name": "WATER_PICK_UP_OBJ",
			"className": "Animation",

			"properties": {
				"AnimationId": ""
			},

			"attributes": {
				"Loop": false,
				"NumFrames": 9,
				"StartAddress": "566628"
			}
		},

		{
			"name": "WATER_STAR_DANCE",
			"className": "Animation",

			"properties": {
				"AnimationId": ""
			},

			"attributes": {
				"Loop": false,
				"NumFrames": 82,
				"StartAddress": "568A04"
			}
		},

		{
			"name": "WATER_THROW_OBJ",
			"className": "Animation",

			"properties": {
				"AnimationId": ""
			},

			"attributes": {
				"Loop": false,
				"NumFrames": 27,
				"StartAddress": "567748"
			}
		},

		{
			"name": "WING_CAP_FLY",
			"className": "Animation",

			"properties": {
				"AnimationId": "rbxassetid://11352051549"
			},

			"attributes": {
				"Loop": true,
				"NumFrames": 39,
				"StartAddress": "50C5B0"
			}
		}
	]
}