{
    "name": "Super Mario 64",

    "tree": {
        "$className": "DataModel",
        "$ignoreUnknownInstances": true,

        "Workspace": {
            "$className": "Workspace",
            "$ignoreUnknownInstances": true,

            "SM64": {
                "$className": "Folder",

                "$attributes": {
                    "TimeScale": 1,
                    "WingCap": false,
                    "HotLoading": false,
                    "DebugToggle": true,
                    "TruncateBounds": true,
                    "ToolAssistedInput": true
                },

                "Client": {
                    "$path": "client"
                },

                "Server": {
                    "$path": "server"
                },

                "Shared": {
                    "$path": "shared"
                }
            }
        }
    }
}